{"tileSize":16,"mapWidth":95,"mapHeight":17,"layers":[{"name":"Mapa","tiles":[{"id":"0","x":0,"y":13},{"id":"1","x":0,"y":14},{"id":"0","x":1,"y":13},{"id":"1","x":1,"y":14},{"id":"0","x":2,"y":13},{"id":"1","x":2,"y":14},{"id":"0","x":3,"y":13},{"id":"1","x":3,"y":14},{"id":"0","x":4,"y":13},{"id":"1","x":4,"y":14},{"id":"0","x":5,"y":13},{"id":"1","x":5,"y":14},{"id":"0","x":6,"y":13},{"id":"1","x":6,"y":14},{"id":"0","x":7,"y":13},{"id":"1","x":7,"y":14},{"id":"0","x":8,"y":13},{"id":"1","x":8,"y":14},{"id":"0","x":9,"y":13},{"id":"1","x":9,"y":14},{"id":"0","x":10,"y":13},{"id":"1","x":10,"y":14},{"id":"0","x":11,"y":13},{"id":"1","x":11,"y":14},{"id":"0","x":12,"y":13},{"id":"1","x":12,"y":14},{"id":"0","x":13,"y":13},{"id":"1","x":13,"y":14},{"id":"0","x":14,"y":13},{"id":"1","x":14,"y":14},{"id":"0","x":15,"y":13},{"id":"1","x":15,"y":14},{"id":"0","x":16,"y":13},{"id":"1","x":16,"y":14},{"id":"0","x":17,"y":13},{"id":"1","x":17,"y":14},{"id":"0","x":18,"y":13},{"id":"1","x":18,"y":14},{"id":"0","x":19,"y":13},{"id":"1","x":19,"y":14},{"id":"0","x":20,"y":13},{"id":"1","x":20,"y":14},{"id":"0","x":21,"y":13},{"id":"1","x":21,"y":14},{"id":"0","x":22,"y":13},{"id":"1","x":22,"y":14},{"id":"0","x":23,"y":13},{"id":"1","x":23,"y":14},{"id":"0","x":24,"y":13},{"id":"1","x":24,"y":14},{"id":"0","x":25,"y":13},{"id":"1","x":25,"y":14},{"id":"0","x":26,"y":13},{"id":"1","x":26,"y":14},{"id":"0","x":27,"y":13},{"id":"1","x":27,"y":14},{"id":"0","x":28,"y":13},{"id":"1","x":28,"y":14},{"id":"0","x":29,"y":13},{"id":"1","x":29,"y":14},{"id":"0","x":30,"y":13},{"id":"1","x":30,"y":14},{"id":"0","x":31,"y":13},{"id":"1","x":31,"y":14},{"id":"0","x":32,"y":13},{"id":"1","x":32,"y":14},{"id":"0","x":33,"y":13},{"id":"1","x":33,"y":14},{"id":"0","x":34,"y":13},{"id":"1","x":34,"y":14},{"id":"0","x":35,"y":13},{"id":"1","x":35,"y":14},{"id":"0","x":36,"y":13},{"id":"1","x":36,"y":14},{"id":"0","x":37,"y":13},{"id":"1","x":37,"y":14},{"id":"0","x":38,"y":13},{"id":"1","x":38,"y":14},{"id":"0","x":39,"y":13},{"id":"1","x":39,"y":14},{"id":"0","x":54,"y":13},{"id":"1","x":54,"y":14},{"id":"0","x":55,"y":13},{"id":"1","x":55,"y":14},{"id":"0","x":56,"y":13},{"id":"1","x":56,"y":14},{"id":"0","x":57,"y":13},{"id":"1","x":57,"y":14},{"id":"0","x":58,"y":13},{"id":"1","x":58,"y":14},{"id":"0","x":59,"y":13},{"id":"1","x":59,"y":14},{"id":"0","x":60,"y":13},{"id":"1","x":60,"y":14},{"id":"0","x":61,"y":13},{"id":"1","x":61,"y":14},{"id":"0","x":62,"y":13},{"id":"1","x":62,"y":14},{"id":"0","x":63,"y":13},{"id":"1","x":63,"y":14},{"id":"0","x":64,"y":13},{"id":"1","x":64,"y":14},{"id":"0","x":65,"y":13},{"id":"1","x":65,"y":14},{"id":"0","x":66,"y":13},{"id":"1","x":66,"y":14},{"id":"0","x":67,"y":13},{"id":"1","x":67,"y":14},{"id":"0","x":68,"y":13},{"id":"1","x":68,"y":14},{"id":"0","x":69,"y":13},{"id":"1","x":69,"y":14},{"id":"0","x":70,"y":13},{"id":"1","x":70,"y":14},{"id":"0","x":71,"y":13},{"id":"1","x":71,"y":14},{"id":"0","x":72,"y":13},{"id":"1","x":72,"y":14},{"id":"0","x":73,"y":13},{"id":"1","x":73,"y":14},{"id":"0","x":74,"y":13},{"id":"1","x":74,"y":14},{"id":"0","x":75,"y":13},{"id":"1","x":75,"y":14},{"id":"0","x":76,"y":13},{"id":"1","x":76,"y":14},{"id":"0","x":77,"y":13},{"id":"1","x":77,"y":14},{"id":"0","x":78,"y":13},{"id":"1","x":78,"y":14},{"id":"0","x":79,"y":13},{"id":"1","x":79,"y":14},{"id":"0","x":80,"y":13},{"id":"1","x":80,"y":14},{"id":"0","x":81,"y":14},{"id":"0","x":82,"y":14},{"id":"1","x":82,"y":15},{"id":"2","x":82,"y":16},{"id":"0","x":83,"y":14},{"id":"1","x":83,"y":15},{"id":"2","x":83,"y":16},{"id":"0","x":84,"y":14},{"id":"1","x":84,"y":15},{"id":"2","x":84,"y":16},{"id":"0","x":85,"y":14},{"id":"1","x":85,"y":15},{"id":"2","x":85,"y":16},{"id":"0","x":86,"y":14},{"id":"1","x":86,"y":15},{"id":"2","x":86,"y":16},{"id":"0","x":87,"y":14},{"id":"1","x":87,"y":15},{"id":"2","x":87,"y":16},{"id":"0","x":88,"y":14},{"id":"1","x":88,"y":15},{"id":"2","x":88,"y":16},{"id":"0","x":89,"y":14},{"id":"1","x":89,"y":15},{"id":"2","x":89,"y":16},{"id":"0","x":90,"y":14},{"id":"1","x":90,"y":15},{"id":"2","x":90,"y":16},{"id":"0","x":91,"y":14},{"id":"1","x":91,"y":15},{"id":"2","x":91,"y":16},{"id":"0","x":92,"y":14},{"id":"1","x":92,"y":15},{"id":"2","x":92,"y":16},{"id":"0","x":93,"y":14},{"id":"1","x":93,"y":15},{"id":"2","x":93,"y":16},{"id":"0","x":94,"y":14},{"id":"1","x":94,"y":15},{"id":"2","x":94,"y":16},{"id":"3","x":23,"y":12},{"id":"4","x":19,"y":11},{"id":"5","x":19,"y":12},{"id":"4","x":20,"y":11},{"id":"5","x":20,"y":12},{"id":"4","x":21,"y":11},{"id":"5","x":21,"y":12},{"id":"4","x":22,"y":11},{"id":"5","x":22,"y":12},{"id":"4","x":20,"y":9},{"id":"4","x":16,"y":9},{"id":"4","x":17,"y":9},{"id":"4","x":18,"y":9},{"id":"4","x":19,"y":9},{"id":"4","x":16,"y":8},{"id":"4","x":22,"y":9},{"id":"4","x":22,"y":10},{"id":"4","x":21,"y":10},{"id":"4","x":20,"y":10},{"id":"4","x":19,"y":10},{"id":"4","x":17,"y":10},{"id":"6","x":15,"y":8},{"id":"6","x":15,"y":9},{"id":"6","x":15,"y":10},{"id":"6","x":15,"y":11},{"id":"7","x":23,"y":9},{"id":"7","x":23,"y":10},{"id":"7","x":23,"y":11},{"id":"8","x":16,"y":7},{"id":"8","x":17,"y":7},{"id":"8","x":18,"y":7},{"id":"8","x":19,"y":7},{"id":"8","x":20,"y":7},{"id":"8","x":21,"y":7},{"id":"8","x":22,"y":7},{"id":"9","x":15,"y":7},{"id":"10","x":23,"y":7},{"id":"4","x":17,"y":8},{"id":"4","x":18,"y":8},{"id":"4","x":19,"y":8},{"id":"4","x":20,"y":8},{"id":"4","x":21,"y":8},{"id":"4","x":22,"y":8},{"id":"7","x":23,"y":8},{"id":"11","x":36,"y":3},{"id":"11","x":37,"y":3},{"id":"11","x":38,"y":3},{"id":"11","x":39,"y":3},{"id":"11","x":40,"y":3},{"id":"11","x":41,"y":3},{"id":"11","x":42,"y":3},{"id":"11","x":43,"y":3},{"id":"11","x":44,"y":3},{"id":"11","x":45,"y":3},{"id":"11","x":46,"y":3},{"id":"11","x":47,"y":3},{"id":"11","x":48,"y":3},{"id":"11","x":49,"y":3},{"id":"11","x":50,"y":3},{"id":"11","x":51,"y":3},{"id":"11","x":52,"y":3},{"id":"11","x":53,"y":3},{"id":"11","x":54,"y":3},{"id":"12","x":55,"y":3},{"id":"13","x":35,"y":3},{"id":"14","x":40,"y":15},{"id":"14","x":41,"y":15},{"id":"14","x":42,"y":15},{"id":"14","x":43,"y":15},{"id":"14","x":44,"y":15},{"id":"14","x":45,"y":15},{"id":"14","x":46,"y":15},{"id":"14","x":47,"y":15},{"id":"14","x":48,"y":15},{"id":"14","x":49,"y":15},{"id":"14","x":50,"y":15},{"id":"14","x":51,"y":15},{"id":"14","x":52,"y":15},{"id":"14","x":53,"y":15},{"id":"15","x":40,"y":16},{"id":"15","x":41,"y":16},{"id":"15","x":42,"y":16},{"id":"15","x":43,"y":16},{"id":"15","x":44,"y":16},{"id":"15","x":45,"y":16},{"id":"15","x":46,"y":16},{"id":"15","x":47,"y":16},{"id":"15","x":48,"y":16},{"id":"15","x":49,"y":16},{"id":"15","x":50,"y":16},{"id":"15","x":51,"y":16},{"id":"15","x":52,"y":16},{"id":"15","x":53,"y":16},{"id":"1","x":39,"y":16},{"id":"1","x":38,"y":16},{"id":"1","x":37,"y":16},{"id":"1","x":36,"y":16},{"id":"1","x":35,"y":16},{"id":"1","x":34,"y":16},{"id":"1","x":33,"y":16},{"id":"1","x":32,"y":16},{"id":"1","x":31,"y":16},{"id":"1","x":30,"y":16},{"id":"1","x":29,"y":16},{"id":"1","x":28,"y":16},{"id":"1","x":27,"y":16},{"id":"1","x":26,"y":16},{"id":"1","x":25,"y":16},{"id":"1","x":24,"y":16},{"id":"1","x":23,"y":16},{"id":"1","x":22,"y":16},{"id":"1","x":39,"y":15},{"id":"1","x":38,"y":15},{"id":"1","x":37,"y":15},{"id":"1","x":36,"y":15},{"id":"1","x":35,"y":15},{"id":"1","x":34,"y":15},{"id":"1","x":33,"y":15},{"id":"1","x":32,"y":15},{"id":"1","x":31,"y":15},{"id":"1","x":30,"y":15},{"id":"1","x":29,"y":15},{"id":"1","x":28,"y":15},{"id":"1","x":27,"y":15},{"id":"1","x":26,"y":15},{"id":"1","x":25,"y":15},{"id":"1","x":24,"y":15},{"id":"1","x":23,"y":15},{"id":"1","x":22,"y":15},{"id":"1","x":21,"y":15},{"id":"1","x":20,"y":15},{"id":"1","x":19,"y":15},{"id":"1","x":18,"y":15},{"id":"1","x":17,"y":15},{"id":"1","x":16,"y":15},{"id":"1","x":15,"y":15},{"id":"1","x":14,"y":15},{"id":"1","x":13,"y":15},{"id":"1","x":12,"y":15},{"id":"1","x":11,"y":15},{"id":"1","x":10,"y":15},{"id":"1","x":9,"y":15},{"id":"1","x":8,"y":15},{"id":"1","x":7,"y":15},{"id":"1","x":6,"y":15},{"id":"1","x":5,"y":15},{"id":"1","x":4,"y":15},{"id":"1","x":3,"y":15},{"id":"1","x":2,"y":15},{"id":"1","x":1,"y":15},{"id":"1","x":0,"y":15},{"id":"1","x":0,"y":16},{"id":"1","x":1,"y":16},{"id":"1","x":2,"y":16},{"id":"1","x":3,"y":16},{"id":"1","x":4,"y":16},{"id":"1","x":5,"y":16},{"id":"1","x":6,"y":16},{"id":"1","x":7,"y":16},{"id":"1","x":8,"y":16},{"id":"1","x":9,"y":16},{"id":"1","x":10,"y":16},{"id":"1","x":11,"y":16},{"id":"1","x":12,"y":16},{"id":"1","x":13,"y":16},{"id":"1","x":14,"y":16},{"id":"1","x":15,"y":16},{"id":"1","x":16,"y":16},{"id":"1","x":17,"y":16},{"id":"1","x":18,"y":16},{"id":"1","x":19,"y":16},{"id":"1","x":20,"y":16},{"id":"1","x":21,"y":16},{"id":"1","x":54,"y":16},{"id":"1","x":55,"y":16},{"id":"1","x":56,"y":16},{"id":"1","x":57,"y":16},{"id":"1","x":58,"y":16},{"id":"1","x":59,"y":16},{"id":"1","x":60,"y":16},{"id":"1","x":61,"y":16},{"id":"1","x":62,"y":16},{"id":"1","x":63,"y":16},{"id":"1","x":64,"y":16},{"id":"1","x":65,"y":16},{"id":"1","x":66,"y":16},{"id":"1","x":67,"y":16},{"id":"1","x":68,"y":16},{"id":"1","x":69,"y":16},{"id":"1","x":70,"y":16},{"id":"1","x":71,"y":16},{"id":"1","x":72,"y":16},{"id":"1","x":73,"y":16},{"id":"1","x":74,"y":16},{"id":"1","x":75,"y":16},{"id":"1","x":76,"y":16},{"id":"1","x":77,"y":16},{"id":"1","x":78,"y":16},{"id":"1","x":79,"y":16},{"id":"1","x":80,"y":16},{"id":"1","x":81,"y":16},{"id":"1","x":81,"y":15},{"id":"1","x":80,"y":15},{"id":"1","x":79,"y":15},{"id":"1","x":78,"y":15},{"id":"1","x":77,"y":15},{"id":"1","x":76,"y":15},{"id":"1","x":75,"y":15},{"id":"1","x":74,"y":15},{"id":"1","x":73,"y":15},{"id":"1","x":72,"y":15},{"id":"1","x":71,"y":15},{"id":"1","x":70,"y":15},{"id":"1","x":69,"y":15},{"id":"1","x":68,"y":15},{"id":"1","x":67,"y":15},{"id":"1","x":66,"y":15},{"id":"1","x":65,"y":15},{"id":"1","x":64,"y":15},{"id":"1","x":63,"y":15},{"id":"1","x":62,"y":15},{"id":"1","x":61,"y":15},{"id":"1","x":60,"y":15},{"id":"1","x":59,"y":15},{"id":"1","x":58,"y":15},{"id":"1","x":57,"y":15},{"id":"1","x":56,"y":15},{"id":"1","x":55,"y":15},{"id":"1","x":54,"y":15},{"id":"16","x":64,"y":0},{"id":"17","x":65,"y":0},{"id":"18","x":66,"y":0},{"id":"19","x":65,"y":11},{"id":"20","x":66,"y":11},{"id":"21","x":65,"y":12},{"id":"22","x":66,"y":12},{"id":"19","x":67,"y":11},{"id":"20","x":68,"y":11},{"id":"21","x":67,"y":12},{"id":"22","x":68,"y":12},{"id":"19","x":67,"y":9},{"id":"20","x":68,"y":9},{"id":"21","x":67,"y":10},{"id":"22","x":68,"y":10},{"id":"19","x":69,"y":9},{"id":"20","x":70,"y":9},{"id":"21","x":69,"y":10},{"id":"22","x":70,"y":10},{"id":"19","x":69,"y":11},{"id":"20","x":70,"y":11},{"id":"21","x":69,"y":12},{"id":"22","x":70,"y":12},{"id":"19","x":69,"y":5},{"id":"20","x":70,"y":5},{"id":"21","x":69,"y":6},{"id":"22","x":70,"y":6},{"id":"19","x":65,"y":9},{"id":"20","x":66,"y":9},{"id":"21","x":65,"y":10},{"id":"22","x":66,"y":10},{"id":"19","x":67,"y":7},{"id":"20","x":68,"y":7},{"id":"21","x":67,"y":8},{"id":"22","x":68,"y":8},{"id":"19","x":69,"y":7},{"id":"20","x":70,"y":7},{"id":"21","x":69,"y":8},{"id":"22","x":70,"y":8},{"id":"19","x":63,"y":11},{"id":"20","x":64,"y":11},{"id":"21","x":63,"y":12},{"id":"22","x":64,"y":12},{"id":"23","x":4,"y":11},{"id":"24","x":5,"y":11},{"id":"25","x":6,"y":11},{"id":"4","x":18,"y":10},{"id":"5","x":18,"y":12},{"id":"4","x":18,"y":11},{"id":"4","x":16,"y":10},{"id":"5","x":16,"y":12},{"id":"4","x":16,"y":11},{"id":"26","x":15,"y":12},{"id":"27","x":16,"y":6},{"id":"27","x":17,"y":6},{"id":"27","x":18,"y":6},{"id":"27","x":23,"y":6},{"id":"28","x":24,"y":6},{"id":"29","x":14,"y":6},{"id":"27","x":15,"y":6},{"id":"30","x":14,"y":7},{"id":"31","x":24,"y":7},{"id":"27","x":16,"y":5},{"id":"27","x":17,"y":5},{"id":"27","x":18,"y":5},{"id":"27","x":19,"y":5},{"id":"27","x":19,"y":6},{"id":"27","x":20,"y":6},{"id":"27","x":21,"y":6},{"id":"27","x":22,"y":6},{"id":"27","x":20,"y":5},{"id":"27","x":21,"y":5},{"id":"27","x":22,"y":5},{"id":"29","x":15,"y":5},{"id":"28","x":23,"y":5},{"id":"32","x":77,"y":11},{"id":"33","x":91,"y":11},{"id":"34","x":92,"y":11},{"id":"35","x":93,"y":11},{"id":"36","x":94,"y":11},{"id":"37","x":91,"y":12},{"id":"38","x":92,"y":12},{"id":"39","x":93,"y":12},{"id":"40","x":94,"y":12},{"id":"32","x":91,"y":13},{"id":"41","x":92,"y":13},{"id":"42","x":93,"y":13},{"id":"43","x":94,"y":13}],"collider":false}]}